merchant_id,name,monthly_revenue,transaction_volume,tenure_months,has_defaulted_before,industry,country
M00000,Garner-Roy,88155.92,3530,48,1,Health,RU
M00001,"Stevens, Horton and Mccann",84152.74,55,54,1,Retail,HN
M00002,Guerrero LLC,95716.71,2531,23,1,E-commerce,AO
M00003,"Carlson, Mayer and Chang",49468.99,2204,10,0,Health,LB
M00004,Davis-Kerr,94821.05,1251,35,0,E-commerce,LV
M00005,Mcclure and Sons,54244.49,1462,10,1,Health,KR
M00006,Shaw-Poole,91035.3,3342,25,0,E-commerce,CR
M00007,"Levine, Hurley and Ortega",48629.42,174,23,0,Food,BZ
M00008,"Wilson, Blackwell and Zamora",75642.17,2569,15,1,E-commerce,BE
M00009,Ramirez-Harris,48131.42,1609,52,0,Health,UG
M00010,Hawkins PLC,97058.89,1068,14,1,Services,AE
M00011,"Rodriguez, Swanson and Martinez",26944.81,818,45,1,Services,CH
M00012,"Smith, Johnson and Novak",98173.35,4695,1,0,Health,DJ
M00013,"Miller, Nguyen and Smith",81157.59,4653,53,1,Services,DE
M00014,Wade Ltd,25155.57,3479,22,0,E-commerce,AZ
M00015,Knight-Barnes,50993.98,555,49,0,Services,AR
M00016,Roberts Inc,5167.93,3057,28,0,Services,IL
M00017,Williamson-Robertson,36579.07,247,29,0,Retail,QA
M00018,Banks Ltd,82808.77,1511,28,0,Services,EC
M00019,Moore-Marshall,38680.8,1830,40,0,Food,NG
M00020,"Rhodes, Rivera and Jefferson",30312.7,1741,54,0,Food,PT
M00021,Bailey LLC,34835.71,1263,43,0,E-commerce,CM
M00022,"Haynes, Hunt and Murray",68598.63,3744,26,1,Services,ME
M00023,Parker Group,90819.27,615,17,1,Services,QA
M00024,Brooks-Jones,7308.42,4084,22,0,Health,MM
M00025,Snyder-Wang,69960.63,3985,42,1,Health,KN
M00026,Grant LLC,28842.17,3801,26,1,E-commerce,MV
M00027,Wheeler-Freeman,36729.35,306,13,1,Services,DM
M00028,King-Lewis,80813.37,1709,34,1,E-commerce,HR
M00029,Frank PLC,94477.0,2708,40,0,Services,BS
M00030,Henderson-Nelson,93128.36,3696,54,0,E-commerce,KG
M00031,Adams PLC,88905.42,3269,58,0,Health,NG
M00032,Miller-Ferguson,58031.07,504,26,1,Health,TN
M00033,Stevens-Meadows,73984.04,1301,40,0,Retail,KZ
M00034,Davis and Sons,8045.19,1309,29,1,Food,GE
M00035,Perez Inc,19767.83,2339,55,0,E-commerce,JO
M00036,Jimenez-Watkins,81724.67,182,8,0,E-commerce,LU
M00037,"Cruz, Benitez and Clements",32221.03,532,26,1,E-commerce,GW
M00038,Santos-Romero,72700.71,3485,28,1,Health,SC
M00039,Montgomery PLC,33691.27,4415,16,0,Health,TO
M00040,"Chang, Palmer and Reynolds",68486.99,4619,21,1,Health,MG
M00041,Harris-Montoya,98379.94,2420,24,1,Services,GN
M00042,Wallace Ltd,54742.79,1944,59,0,Health,MH
M00043,Sharp Inc,53635.8,4324,29,1,Services,SK
M00044,Morrison-Aguilar,23508.85,824,49,1,E-commerce,LI
M00045,"Stafford, Nichols and Mclean",84089.59,4068,50,1,Retail,TZ
M00046,"Brady, Brown and Henry",79291.49,162,8,0,Retail,SV
M00047,Clay Ltd,14707.22,1729,51,1,E-commerce,CN
M00048,Hurst-Thomas,72696.53,1250,44,1,Food,LT
M00049,Anderson Inc,80834.63,2196,53,1,Health,HU
M00050,Robinson Ltd,35687.68,4421,14,0,Health,BS
M00051,Maldonado-Dalton,53611.98,1690,49,1,E-commerce,SG
M00052,Thompson and Sons,31952.13,118,25,0,Health,MY
M00053,Goodwin and Sons,16765.63,225,11,0,Health,LU
M00054,"Walker, Deleon and Thompson",99900.35,3110,12,0,Food,ZM
M00055,"Lane, Valdez and Walker",50400.81,3921,48,0,Services,SL
M00056,Garza-Duncan,82120.84,3017,50,1,Services,QA
M00057,Roberts Ltd,22431.78,1893,24,1,E-commerce,IS
M00058,"Green, Hudson and Fox",60012.07,845,12,1,Services,DJ
M00059,"Parsons, Green and Thomas",32787.92,110,57,0,Retail,AE
M00060,"Christian, Richardson and Williams",71594.84,3121,19,0,E-commerce,VC
M00061,Garcia LLC,28299.65,2216,40,0,Health,SM
M00062,Gutierrez-Mccoy,30340.62,4641,32,0,E-commerce,KN
M00063,Soto Group,34896.38,2748,45,1,E-commerce,CF
M00064,"Donaldson, Singh and Garcia",12734.05,1007,26,1,Retail,MT
M00065,Sparks Inc,94813.53,439,45,1,Retail,SK
M00066,Underwood Group,27777.98,4985,54,0,Food,SG
M00067,Gutierrez Inc,26673.7,932,25,0,Retail,OM
M00068,"Gutierrez, House and Haynes",71775.45,754,10,1,Services,BT
M00069,Collins-Johnson,78734.24,4635,45,1,E-commerce,BH
M00070,Ryan-Diaz,47976.76,2893,10,1,E-commerce,DZ
M00071,"Robinson, Kemp and Olsen",69645.54,3535,31,0,Food,TN
M00072,Byrd Ltd,73514.3,4737,48,0,Retail,BI
M00073,Sloan-Erickson,76564.99,1723,56,1,Food,NA
M00074,Taylor LLC,71573.97,3478,45,1,Services,QA
M00075,"Porter, Bates and Griffin",17081.6,651,10,0,Retail,KE
M00076,Sanders Inc,32792.86,1476,34,1,E-commerce,PA
M00077,Morales-Wallace,23989.79,2525,35,1,Services,BJ
M00078,"Rodriguez, Henderson and Huynh",89231.63,3083,42,1,Services,SK
M00079,"Osborne, Walsh and Sanders",65247.09,1615,57,0,E-commerce,CR
M00080,"Owen, Brown and George",51568.02,3971,11,1,Services,GB
M00081,Ward-Sanchez,41437.25,2152,17,0,Health,KG
M00082,Hawkins-Norton,85959.3,84,17,1,Health,NE
M00083,Newman-Thompson,65137.55,4186,48,1,Retail,VA
M00084,Carlson and Sons,38394.15,3572,45,1,E-commerce,VA
M00085,Brown LLC,56886.28,2834,4,0,E-commerce,EG
M00086,Adams Ltd,74200.02,3056,55,0,Services,PT
M00087,"Bates, Reese and Bonilla",10894.33,1037,38,1,Food,MA
M00088,Walker PLC,23169.79,1238,58,0,Services,SI
M00089,King Inc,21427.2,4072,9,0,Health,CA
M00090,Woods-Lee,15094.78,3118,45,1,Retail,DO
M00091,"Castillo, Bailey and Washington",21088.14,602,12,0,E-commerce,UY
M00092,Taylor and Sons,9636.79,3043,58,1,Health,LA
M00093,Smith Group,18990.92,4084,42,1,E-commerce,AL
M00094,Hall PLC,56459.95,1343,40,0,Health,ST
M00095,"Kennedy, Cobb and Dixon",9444.89,202,38,0,Services,IE
M00096,Marks-Griffin,94398.22,4317,60,0,Health,ET
M00097,Flynn Inc,74580.81,4038,21,0,Retail,BG
M00098,"Anderson, Lutz and Baker",54787.15,2563,36,1,Food,MU
M00099,Dennis-Ashley,53536.84,3627,43,0,Retail,LI
M00100,Romero-Mendez,82308.01,753,27,0,Services,MX
M00101,"Ross, Taylor and Gibson",96228.76,4415,11,0,Retail,KR
M00102,"Adams, Cruz and Walker",77085.63,2319,45,1,Retail,BS
M00103,Robinson and Sons,61363.7,4423,9,1,Services,NO
M00104,Chapman Ltd,70356.32,3296,31,1,Services,GA
M00105,Juarez-Burch,26806.3,2090,11,1,Retail,SI
M00106,Morgan-Estes,79801.64,2766,37,0,Health,PT
M00107,Calhoun-Garcia,77830.3,4757,40,0,Food,KZ
M00108,"Whitney, Woods and Maldonado",60135.62,3958,48,0,E-commerce,AG
M00109,Bennett-Perez,49877.1,2672,24,0,Services,MA
M00110,Cox PLC,23171.79,3196,21,1,Food,GA
M00111,Bradford-Patrick,25328.82,1912,28,1,E-commerce,GA
M00112,Jimenez Group,53425.14,270,48,1,Services,SL
M00113,"Wright, Grimes and Smith",35028.26,587,26,1,Food,AU
M00114,Farrell Group,76350.7,4763,46,0,Services,KZ
M00115,"Hayes, Booker and Carroll",20641.42,2457,40,0,Retail,JP
M00116,Waters LLC,58288.95,4963,51,0,Services,CR
M00117,"Barnes, Sanchez and Ward",15950.0,1406,37,1,Food,ZM
M00118,Johnson and Sons,9323.91,2501,49,1,Health,NA
M00119,Mcdonald-Gonzales,50129.59,4905,2,1,E-commerce,NO
M00120,Gonzalez PLC,58284.2,486,37,1,Retail,BH
M00121,"Parker, George and Sheppard",74146.76,809,44,0,E-commerce,KH
M00122,"Clark, Gilbert and Wilson",45212.24,346,55,1,Services,UG
M00123,Walker-Banks,58005.8,4939,21,1,Services,TV
M00124,Romero-Robinson,63829.18,3640,57,1,E-commerce,NO
M00125,Schmitt-Camacho,65169.86,2185,55,1,Services,IS
M00126,"Kirk, Clarke and Reed",8582.05,3419,7,1,Retail,WS
M00127,Smith PLC,87952.93,2031,37,1,Services,TV
M00128,Juarez Inc,41853.52,3177,57,1,Health,LA
M00129,Baker Inc,57636.04,2379,48,1,Food,BE
M00130,Rodriguez-Oconnor,35950.61,4074,10,1,Food,RU
M00131,Freeman-Rodriguez,10838.67,203,20,1,Retail,IS
M00132,"Simmons, Smith and Lawrence",81099.33,1360,52,0,Services,CV
M00133,"Richardson, Bradley and Fowler",29041.71,2785,45,1,Services,ES
M00134,"Curtis, Gonzalez and Chen",81627.14,3162,44,1,Services,ZM
M00135,Roach-Green,65672.5,2552,15,0,Retail,AT
M00136,Sanders Ltd,54669.05,1163,6,1,Health,LS
M00137,Lewis-Cochran,56731.36,3676,58,0,Services,AF
M00138,Frey Group,40605.01,1553,52,0,Retail,KE
M00139,Pineda-Riley,37159.25,2680,21,0,E-commerce,MK
M00140,"Thomas, Torres and Wilson",41140.1,1076,54,0,Health,NI
M00141,"Meadows, Mccormick and Burke",28855.94,3059,29,0,E-commerce,SI
M00142,Medina LLC,88989.09,3462,12,0,Food,BN
M00143,"Leblanc, Butler and Maldonado",36214.07,3200,41,1,Health,MZ
M00144,Moore Inc,86636.52,2395,5,1,Services,JP
M00145,"Morrison, Ruiz and Oconnell",97582.52,2098,21,1,E-commerce,GA
M00146,"Davis, Martinez and Wilson",72734.35,451,50,1,Retail,CU
M00147,Hines-Smith,82581.15,2798,43,0,Services,PY
M00148,"Rose, Ramirez and Ferguson",24182.19,190,57,0,Food,CO
M00149,Ellis and Sons,39783.84,4384,57,0,Services,MZ
M00150,Medina and Sons,90761.09,3270,49,1,Services,LK
M00151,Lewis-Knight,62744.89,1453,8,1,E-commerce,KM
M00152,White-Liu,23137.81,2198,37,0,E-commerce,LT
M00153,Watts-Phelps,58081.83,4716,2,0,Retail,GN
M00154,Lewis-Taylor,90088.37,3753,54,1,Services,TJ
M00155,"Fernandez, Barajas and Walker",75099.39,2768,34,0,E-commerce,MT
M00156,"Nguyen, Wade and Zuniga",54342.33,724,34,1,Health,TO
M00157,Mcdonald-Solis,58339.14,3688,44,1,Health,PA
M00158,Jackson Inc,30782.37,802,45,0,Services,AU
M00159,Clark Ltd,41139.74,2018,49,1,Services,KZ
M00160,Lin LLC,38940.97,4543,16,0,Services,KR
M00161,"Davidson, Hodge and Wright",30514.13,4693,41,1,Services,GA
M00162,"Higgins, Huerta and Martinez",28518.41,2095,34,0,Food,PW
M00163,Flowers LLC,21433.06,2254,38,1,Health,LC
M00164,Baker-Gonzalez,63487.91,2050,53,0,E-commerce,KG
M00165,Allen Ltd,55044.09,2864,10,1,Health,MH
M00166,Fields-Miller,14079.75,1576,58,1,Services,NO
M00167,Miller PLC,97672.7,412,5,1,Retail,KI
M00168,"Lopez, Robertson and Guzman",94825.55,3259,19,0,Services,IT
M00169,Ortega PLC,18973.73,2643,39,0,Retail,BT
M00170,Williamson Group,41795.81,3534,39,1,Food,PA
M00171,Wilson Group,27761.0,3337,14,0,Services,SB
M00172,"Cruz, Bird and Bray",35617.09,4109,35,1,E-commerce,JO
M00173,"Nelson, Smith and Miller",85526.98,150,23,1,E-commerce,DM
M00174,Alexander-Moore,42973.1,3856,56,1,Health,BD
M00175,Jackson and Sons,50510.73,2505,49,0,E-commerce,TR
M00176,"Crawford, Powell and Fernandez",51313.73,2116,37,1,E-commerce,LV
M00177,"Bernard, Davis and Murphy",81347.41,2784,57,1,Health,DE
M00178,Cox LLC,31185.71,1236,20,0,Health,MC
M00179,Johnson LLC,50339.43,837,38,1,Food,BJ
M00180,"Allen, Myers and Castaneda",80403.37,3616,55,0,E-commerce,MZ
M00181,Andersen-Blevins,22642.87,1015,4,1,E-commerce,BH
M00182,Brewer PLC,75676.01,430,29,1,Services,IS
M00183,Mayer-Cole,42681.78,377,3,1,Food,AZ
M00184,Ward-Pruitt,47400.37,1788,48,1,Services,SO
M00185,"Jackson, Sparks and Chen",86062.99,2622,37,0,Health,GE
M00186,Blackburn-Lewis,81366.73,794,47,0,Food,ES
M00187,Morris-Alvarez,34880.44,3308,39,0,Retail,EE
M00188,Reyes Inc,5344.37,3740,6,0,Food,BZ
M00189,"Chavez, Green and Thomas",57143.64,2633,6,0,Retail,MA
M00190,Smith Ltd,63219.76,4994,13,0,Food,PT
M00191,"Decker, Buck and Mullen",30555.24,2240,49,0,Retail,BE
M00192,Stewart Inc,56358.71,4889,28,1,Services,YE
M00193,Coleman Ltd,51527.18,2659,38,1,Services,KH
M00194,Harris Ltd,96932.96,3902,48,0,E-commerce,KN
M00195,Watson-Rodriguez,99462.51,823,3,1,Services,BB
M00196,Smith LLC,51722.89,3447,50,0,Food,CH
M00197,Willis Ltd,72713.71,1054,58,1,Health,GR
M00198,"Butler, Douglas and Singleton",94622.69,4651,30,0,Services,PY
M00199,"Anderson, Mendez and Day",97721.28,483,13,1,Food,TW
M00200,Robinson-Smith,14904.9,2116,37,1,Services,RU
M00201,Torres Group,76832.85,2464,9,1,Services,NZ
M00202,Cox-Howard,70466.53,401,54,0,Services,TD
M00203,Jackson Group,35523.4,2738,43,1,Services,RO
M00204,Horton-Rice,5496.46,1215,31,1,Food,KH
M00205,Bailey LLC,23735.77,2470,51,0,E-commerce,KI
M00206,Mills-Spencer,68659.12,2546,46,1,Health,MY
M00207,Simpson-Rosales,68569.66,4934,21,0,Retail,SM
M00208,Tran and Sons,50204.6,4133,46,0,E-commerce,TW
M00209,"Tran, Adams and Young",29027.04,2999,40,1,Services,DK
M00210,Johnson-Smith,92161.46,2033,19,0,Services,SD
M00211,Williams-Saunders,99751.38,4083,20,0,Services,CG
M00212,Horton Ltd,84762.95,141,24,0,Health,SZ
M00213,"Benson, Walker and Smith",20000.79,1201,41,0,Services,ET
M00214,Montgomery-Flores,19359.08,2707,9,0,Services,GW
M00215,Harris-Williams,65147.53,769,55,0,Services,LK
M00216,"Walsh, Davidson and Costa",7349.12,2875,25,1,Health,SI
M00217,Huffman-Weber,46760.79,3710,26,0,Services,FI
M00218,"Moore, Lamb and Martinez",28834.33,3745,48,0,Health,BN
M00219,"Oliver, Olson and Adkins",33842.62,4048,23,0,Services,MW
M00220,Wood Inc,70960.72,2691,25,0,Retail,AF
M00221,"Franklin, Taylor and Gutierrez",78895.48,982,8,1,Retail,BR
M00222,Boyd-Woods,49545.74,3828,18,0,Retail,EG
M00223,Hammond-Lopez,27795.35,1432,54,0,Health,HN
M00224,Meyers LLC,97976.92,3058,34,1,Food,QA
M00225,Hale-Case,99985.49,1089,37,1,Retail,SM
M00226,Cain-Clark,62993.19,1788,45,1,Health,MR
M00227,"Williams, George and Perez",50506.71,77,10,0,Health,TD
M00228,Evans PLC,62045.48,1715,58,0,Retail,TG
M00229,"Irwin, Hickman and Webb",27628.19,1874,36,0,Services,BD
M00230,Burgess Group,22749.32,1553,27,0,Health,NA
M00231,Hall LLC,95325.92,381,56,0,Food,DJ
M00232,Barnes-Bailey,34318.71,2862,52,1,E-commerce,NR
M00233,Mccall-Hunt,67315.07,1788,32,1,Food,SK
M00234,Krueger LLC,87164.86,419,28,0,Food,MA
M00235,Stephenson-Miller,97027.71,1255,27,0,Health,KP
M00236,Morris-Gomez,21275.32,2928,46,1,Retail,SD
M00237,"Blanchard, Turner and Fuller",57739.59,223,38,0,E-commerce,GN
M00238,"Thompson, Ballard and Morgan",38154.55,366,20,1,E-commerce,JO
M00239,"Johnson, Murphy and Morgan",13200.4,186,33,1,Food,VA
M00240,Sheppard Ltd,34695.59,2815,53,0,Retail,FI
M00241,Scott-Valencia,80322.42,488,5,0,Health,TT
M00242,"Hughes, Friedman and Lewis",48116.87,3495,58,0,E-commerce,DK
M00243,Flores Ltd,36907.5,2182,1,1,Services,HR
M00244,"West, Waters and Davis",43777.98,2430,9,0,Health,CN
M00245,"Chavez, Clark and Esparza",19063.19,3250,11,0,Retail,ME
M00246,"Brooks, Sanchez and Mcbride",12310.75,3558,23,1,E-commerce,ES
M00247,Ortiz PLC,8820.96,2300,55,1,Retail,TM
M00248,Macias-Gonzales,14166.33,313,21,0,Services,AR
M00249,"Kim, Nguyen and Chaney",97608.98,3016,23,0,Services,VA
M00250,"Moore, Miles and Roberts",70584.36,3436,18,1,Food,GY
M00251,Lee-Lopez,15263.45,4688,15,0,E-commerce,CF
M00252,"Thomas, Travis and Cooper",78501.98,3230,22,1,E-commerce,LR
M00253,Fuentes-Johnson,8414.78,490,13,0,Services,BG
M00254,"Bartlett, George and Smith",61339.28,2734,25,1,Food,ML
M00255,"Martin, Hurley and Robinson",61697.68,1623,50,0,E-commerce,LS
M00256,Sullivan-Wood,42760.2,2304,7,1,Retail,SM
M00257,"Townsend, Bird and Barton",58292.25,2515,51,1,Health,SR
M00258,"Harding, Collins and Sawyer",59427.93,3117,29,1,E-commerce,AU
M00259,"Stokes, Brown and Conner",88257.89,1500,10,0,Food,MK
M00260,Johnson Group,19239.91,4652,60,0,Food,ME
M00261,Hooper-Hunter,73330.05,4869,44,0,E-commerce,JO
M00262,Morris-Lewis,92281.4,3131,41,0,Retail,LB
M00263,"Henderson, Carlson and Green",24846.25,4178,21,1,Food,AL
M00264,"Mendoza, Johnson and Rush",46267.82,4637,18,0,Services,AL
M00265,Solomon-Avila,63805.91,3616,57,1,Health,KM
M00266,Holt-Nguyen,35334.52,4146,12,1,Food,SO
M00267,Landry-Campbell,85272.26,2681,31,0,Health,DO
M00268,Miller-Bond,83007.79,133,25,0,Retail,BS
M00269,Jackson Group,26808.92,2730,12,1,Services,AG
M00270,"Kirby, Schmidt and Riddle",5652.0,1796,9,0,E-commerce,ZM
M00271,Dixon-Williams,45596.15,2149,56,1,E-commerce,AG
M00272,"Adams, Chavez and Shannon",70578.74,1923,55,0,Services,CF
M00273,Mcclain Ltd,6751.97,2712,29,1,Food,CD
M00274,Campbell and Sons,80574.11,3367,17,0,Health,SG
M00275,Wright Ltd,18282.07,978,48,0,Services,DO
M00276,Diaz-Woodward,18309.08,1262,6,0,Health,MX
M00277,Alvarado and Sons,34576.28,4536,14,0,Retail,DM
M00278,Hall-Francis,87015.93,1951,54,1,Food,RW
M00279,Randall and Sons,6672.24,2154,1,1,E-commerce,VN
M00280,Oneal and Sons,31997.89,4995,15,0,Services,PH
M00281,Barnett-Parker,74754.04,2946,12,0,E-commerce,GW
M00282,Johnston and Sons,39380.7,1372,32,0,Food,LV
M00283,"Patel, Lewis and Perez",55916.86,3526,17,1,Food,SI
M00284,"Avila, Wilcox and Rose",46542.36,3950,7,0,Retail,KR
M00285,"Simpson, Nguyen and Peters",6462.53,275,45,0,Retail,GH
M00286,Dennis-Sutton,60448.48,3945,11,1,Food,AT
M00287,Wright Ltd,28482.74,2301,34,1,Retail,BS
M00288,Hughes Ltd,98599.17,3849,46,1,E-commerce,KW
M00289,"Bell, Brady and Taylor",70742.39,2254,47,1,E-commerce,TT
M00290,Keller-Ramirez,60636.53,670,36,1,E-commerce,PT
M00291,Murphy PLC,27768.39,1654,22,1,Health,SM
M00292,"Brown, Lowe and Grimes",85951.66,2821,59,0,E-commerce,ES
M00293,Green-Leach,18507.19,1339,19,1,Services,SR
M00294,Bernard-Jones,36867.67,3375,57,0,Health,GH
M00295,Williams Group,47259.35,1395,55,0,Health,TM
M00296,Richards-Griffith,81037.36,1355,34,0,Services,BO
M00297,Ramirez-Carney,51762.16,1191,37,1,Retail,LA
M00298,"Perkins, Williams and Decker",52172.93,2997,40,1,E-commerce,MX
M00299,Ali-Carroll,46587.22,4087,40,0,E-commerce,ZM
M00300,"Marshall, Rios and Lee",43358.91,4161,42,0,Services,ZW
M00301,Sandoval PLC,83711.74,2470,14,0,Retail,AZ
M00302,"Schultz, Sherman and Johnson",32009.34,3632,39,0,Health,LT
M00303,Aguilar-Turner,47379.0,2708,53,0,Retail,NA
M00304,Hogan and Sons,41890.13,2532,38,1,E-commerce,MY
M00305,Peck-Kerr,45744.96,2077,56,1,E-commerce,TV
M00306,"Davis, Schwartz and Osborne",21631.88,2592,41,1,Health,CI
M00307,Nash-Thompson,61008.75,4999,60,0,Food,SN
M00308,Kidd-King,34151.29,2924,56,0,Services,BB
M00309,"Murphy, Turner and Howell",43635.52,604,48,1,Food,AT
M00310,"Grant, Odonnell and Stark",79227.43,3187,13,0,Services,TD
M00311,Montgomery-Randolph,76819.75,1154,56,0,Retail,MT
M00312,Reyes-Horne,91519.86,136,53,0,E-commerce,FJ
M00313,George Inc,48809.07,4332,32,1,Retail,KN
M00314,"Wallace, Lewis and Singh",53685.5,183,11,0,Retail,EE
M00315,Hull-Hall,83515.99,284,44,0,E-commerce,NP
M00316,Torres-Pitts,43192.33,975,18,0,Retail,VN
M00317,"Smith, Williams and Pace",53097.51,3308,24,0,Health,TH
M00318,Curry PLC,81745.83,4357,11,0,E-commerce,MN
M00319,Nelson-Ramos,43371.8,2286,3,1,Retail,BW
M00320,Goodman-David,57536.41,3400,57,1,Retail,BF
M00321,"Glenn, Bullock and Thompson",29547.97,2454,35,0,Health,TV
M00322,Carter and Sons,26345.17,598,59,1,Health,GQ
M00323,Gordon Group,31857.58,1964,8,1,E-commerce,BD
M00324,Cox-Valentine,26551.35,3395,4,1,Retail,MV
M00325,Osborne-Glover,88480.53,1782,43,0,Services,MK
M00326,Holland LLC,50651.1,208,32,0,Health,YE
M00327,Simmons Ltd,30108.0,2391,24,0,Health,TW
M00328,"Baker, Bell and Mendoza",10313.73,1527,10,0,Services,AZ
M00329,Hutchinson Group,80403.07,2577,45,0,Services,MR
M00330,Mitchell PLC,11991.67,3174,54,0,Health,KZ
M00331,Woodard Inc,89539.19,4067,39,0,Health,HR
M00332,"Jackson, Andersen and Mooney",87031.6,4898,12,0,Food,CV
M00333,"Wells, Murphy and Bishop",14958.94,2752,12,0,E-commerce,ST
M00334,Fritz PLC,22201.28,1267,55,0,Retail,GB
M00335,Rodriguez-Ramirez,93647.79,4793,55,1,E-commerce,UZ
M00336,Soto-Weaver,41060.21,604,45,0,Services,PT
M00337,Smith LLC,73313.57,865,45,1,E-commerce,SG
M00338,"Hernandez, Owens and Dixon",17060.59,1241,50,0,Services,LT
M00339,"Alvarez, Ramos and Lester",90255.58,2045,26,0,Services,GY
M00340,Parsons Inc,30764.21,4963,46,0,E-commerce,PE
M00341,Patrick LLC,48297.45,77,26,1,Retail,AR
M00342,Kelly LLC,18739.78,486,27,0,E-commerce,EC
M00343,"Frazier, Montgomery and Booth",94360.03,2181,54,0,E-commerce,NR
M00344,"Lewis, Adams and Howell",97935.72,4391,16,0,Health,MM
M00345,Fernandez-Buck,89305.15,4151,38,1,Retail,PW
M00346,"Knox, Johnson and Le",83311.59,930,10,0,Retail,AD
M00347,Holmes-Turner,44568.84,3157,43,0,E-commerce,MR
M00348,Johnson-Reese,49829.71,2027,4,0,E-commerce,MZ
M00349,Golden-Blair,74391.71,426,30,0,Services,BT
M00350,"Nguyen, Marshall and Foster",8013.51,3146,15,1,E-commerce,SO
M00351,"Chan, Carter and Ramirez",84129.93,3096,25,1,E-commerce,UA
M00352,"Valencia, Lucas and Thomas",5924.26,443,32,1,Services,DJ
M00353,Maldonado Inc,60456.83,2161,41,1,E-commerce,BY
M00354,Bond Ltd,28010.05,2858,10,0,Services,MH
M00355,"Mercado, Wagner and Hughes",54408.89,2928,38,0,Food,SE
M00356,"Delgado, Ortiz and Kim",45707.66,4806,1,0,Food,TM
M00357,"Phelps, Edwards and Spencer",26702.59,3862,28,1,Health,VE
M00358,Gross PLC,61587.5,4594,12,1,Health,PL
M00359,Howard and Sons,31519.89,606,19,1,Retail,JM
M00360,Nelson-Johnson,62293.86,3987,54,0,Retail,TH
M00361,Rogers-Lozano,90759.03,1161,42,0,Health,GQ
M00362,Ball Ltd,76346.15,3450,57,0,Food,CN
M00363,"Moyer, Reynolds and Beard",93670.45,4939,30,1,E-commerce,FR
M00364,Keller-Burns,94040.99,1435,26,0,Retail,PK
M00365,"Henry, Rose and Garrison",27080.95,3661,13,1,E-commerce,LT
M00366,"Cabrera, Hunter and King",83556.32,833,31,1,Retail,AE
M00367,Martinez PLC,45502.32,2059,48,0,Food,BH
M00368,Callahan-Harper,17653.84,1619,26,0,Food,JO
M00369,Combs-Murphy,66359.08,598,35,0,Food,OM
M00370,Hanna-Smith,72387.9,4303,29,1,E-commerce,EE
M00371,Hawkins-Sanders,84042.53,2297,49,0,Retail,MW
M00372,Williams and Sons,98030.2,2115,49,1,E-commerce,FJ
M00373,Robinson Group,77435.57,4471,16,1,Health,LA
M00374,Thompson-Thomas,47975.35,3154,10,0,Health,BZ
M00375,"Davis, Watts and Cox",66669.47,3654,17,1,Services,CR
M00376,Livingston and Sons,29308.64,1803,57,0,Services,SI
M00377,Lee Ltd,70336.91,3208,60,0,Health,ID
M00378,Sanchez-Crawford,5965.52,2642,17,1,Health,BZ
M00379,Roberts and Sons,39178.22,2300,18,0,Food,NA
M00380,Newman Inc,31689.45,2758,37,1,Food,CM
M00381,Gibbs-Owen,54425.3,352,34,1,Services,AD
M00382,Benson-Lopez,39008.44,4216,40,1,Services,SI
M00383,"Rowe, Williamson and Davis",94393.01,3305,3,1,Food,ET
M00384,Guzman-Hess,73615.44,3880,34,1,Retail,HR
M00385,Conway-Ortega,31458.38,2430,59,1,Health,VE
M00386,"Arroyo, Bates and Bean",29827.54,275,60,1,Retail,CZ
M00387,Lyons-Clarke,59703.71,1229,2,1,E-commerce,AT
M00388,Cox and Sons,98664.69,809,37,0,E-commerce,EE
M00389,Harper-James,30406.92,4077,33,1,Food,SZ
M00390,"Sampson, Rollins and Proctor",88248.33,1494,47,1,Health,PY
M00391,"Schmitt, Wilson and Romero",31665.11,4817,8,1,Retail,KZ
M00392,Adams-Patel,46724.3,4685,40,1,Health,MN
M00393,"Day, Harrell and Williams",7624.07,1209,46,1,Retail,BS
M00394,"Rasmussen, Welch and Gonzalez",62352.77,3402,41,0,Food,PT
M00395,"Brown, Gomez and Dudley",93804.07,1993,29,1,Health,NA
M00396,Mclean PLC,58515.74,3258,44,0,Retail,AE
M00397,Smith Inc,17751.92,1666,55,0,Health,IL
M00398,Tran-Miller,66561.23,1339,56,0,Health,DK
M00399,"Nelson, Jennings and Nguyen",36905.33,2005,54,1,Retail,HT
M00400,Poole Inc,46685.21,2004,34,1,Health,SE
M00401,Smith Inc,82179.57,3996,14,0,Services,NE
M00402,Martinez Ltd,34420.9,1605,13,0,Food,HT
M00403,Hall Group,92457.6,1360,23,0,Retail,SD
M00404,Barajas-Watson,62320.22,3243,36,1,E-commerce,MM
M00405,"Sutton, Paul and James",14482.3,4738,53,0,Services,SM
M00406,Jacobson-Turner,63710.59,4247,16,1,Services,IL
M00407,"Best, Cisneros and Suarez",92286.62,699,34,1,Food,CU
M00408,"Patel, Wolfe and Thomas",81989.71,923,6,0,Health,MU
M00409,"Clark, Moore and Gamble",72483.82,4065,43,0,Health,VC
M00410,Williams PLC,78975.88,1001,6,1,Services,SO
M00411,"Jones, Foster and Brown",54652.36,899,19,0,Services,CH
M00412,Gutierrez and Sons,83755.9,2740,31,0,Food,TJ
M00413,Woods PLC,8587.75,3582,17,0,Food,AO
M00414,Thomas Inc,38801.03,3879,28,1,Health,GT
M00415,"Thompson, Mcgee and George",45596.14,3112,34,1,Food,ID
M00416,"Smith, Hall and Castro",79101.16,2682,12,1,Services,MY
M00417,Washington-Wiley,38921.88,3773,30,1,Health,CI
M00418,Young-Curry,11597.97,4589,14,0,Food,BB
M00419,"Perkins, Wilson and Hall",29349.46,195,6,0,Food,SI
M00420,"Anderson, Davis and Wolfe",49095.83,4954,59,0,Food,BH
M00421,Nelson-Garrison,46668.66,2741,22,1,Health,US
M00422,"Cervantes, Peters and Carey",97694.87,4641,36,1,Retail,LI
M00423,Wheeler-Huber,44252.0,4996,28,0,Food,LS
M00424,Haynes LLC,63450.87,3980,19,1,Services,GA
M00425,Brooks-Smith,11999.06,1866,16,0,Services,AE
M00426,Terry-Cox,73789.89,2185,38,1,Services,BH
M00427,"Roberts, Goodman and White",73961.22,2431,8,1,E-commerce,LA
M00428,Cook-Daniels,87861.1,2332,59,1,Food,LB
M00429,Olson-Wilson,29241.24,1300,19,0,Retail,TO
M00430,Rogers Group,31378.75,3893,12,0,Retail,TJ
M00431,"Ali, Williams and Armstrong",77502.91,371,16,1,Services,SO
M00432,Mullen-Stein,77838.26,1357,41,0,Services,BG
M00433,Mitchell Group,98540.75,1746,51,1,Food,ZW
M00434,"Rodriguez, Williams and Moses",18179.11,263,51,0,Services,GB
M00435,"Steele, Morrison and Terry",64065.52,350,10,0,Health,LB
M00436,Flores Inc,24943.1,506,20,1,Food,DE
M00437,Johnson-Wilson,16444.0,2941,16,0,Health,AE
M00438,"Reyes, Nguyen and Cohen",14064.49,2990,4,0,Services,NZ
M00439,"Patton, Hernandez and Singh",75880.02,1007,15,0,Health,KN
M00440,Berg Inc,42021.75,4022,5,1,Food,DJ
M00441,Davis-Murphy,69435.02,1974,43,1,Retail,DZ
M00442,Warren-Blake,36396.62,383,32,1,Health,TL
M00443,Braun and Sons,78507.01,611,18,1,E-commerce,TT
M00444,Edwards-Johnston,34177.84,2325,55,1,Food,NA
M00445,"Cortez, Velasquez and Navarro",11492.99,4918,36,0,Services,ZA
M00446,Gregory and Sons,20064.68,1091,25,1,E-commerce,MW
M00447,Jimenez and Sons,14744.15,1896,30,0,Services,DE
M00448,Lopez-Williamson,28269.43,2026,38,1,Retail,CD
M00449,Jenkins PLC,40436.51,4542,24,1,Food,AT
M00450,Bauer-Ingram,34857.63,4632,20,0,Retail,BI
M00451,Cox LLC,81507.27,1330,32,1,Health,GA
M00452,Mosley-Conrad,99047.82,2847,3,1,E-commerce,GE
M00453,Rosario-Vance,20314.4,4063,11,1,Health,TG
M00454,Morales-Anderson,41355.2,4771,14,0,E-commerce,GW
M00455,"Diaz, Buckley and Marquez",30201.8,2785,51,0,Retail,TH
M00456,Rodriguez-Nelson,94277.46,4666,23,0,Food,IS
M00457,Jackson Ltd,7730.34,4567,41,1,Retail,LS
M00458,"Lane, Walton and Miller",23596.49,4418,35,1,Services,TO
M00459,Moore Inc,5829.09,3904,3,0,Health,GB
M00460,Robinson-Floyd,41265.57,288,41,0,Food,TD
M00461,"Ray, Jones and Klein",16726.33,3791,11,1,E-commerce,KR
M00462,"Zamora, Porter and Wade",29395.14,3818,34,1,Food,MN
M00463,"Reynolds, Franco and Jones",19487.92,1293,51,0,Services,LV
M00464,Mcbride-Le,53548.01,1454,31,1,Food,GA
M00465,Lawrence PLC,60064.29,152,9,0,Services,CZ
M00466,"Simmons, Ellis and Torres",79508.54,2526,27,0,Retail,MK
M00467,"Roberts, Tate and Clements",70814.25,2573,50,0,Food,DM
M00468,"Edwards, Oconnor and Malone",6982.28,990,23,0,E-commerce,NL
M00469,Horton-Patel,76360.31,3884,58,0,Services,UG
M00470,"Meyers, Jones and Collins",83313.44,3511,17,1,E-commerce,BT
M00471,"Watts, Peters and Morgan",40821.82,694,4,0,Services,IT
M00472,Ferguson-Chapman,24319.99,1456,14,1,Food,TN
M00473,"Richards, Zuniga and Mercer",71404.44,4046,36,1,Retail,LT
M00474,Hill and Sons,93491.04,2833,30,0,Health,GA
M00475,Ross-Mcdonald,45376.7,2082,18,0,E-commerce,MR
M00476,Williams and Sons,57510.36,4968,20,0,Food,LI
M00477,Reyes and Sons,20721.67,4762,45,0,E-commerce,AE
M00478,Willis Ltd,32007.26,800,35,0,Food,KZ
M00479,Arnold-Cohen,59414.02,3471,50,0,E-commerce,YE
M00480,"Payne, Leon and Ayers",16538.91,3254,9,1,E-commerce,LK
M00481,Rogers Inc,60148.89,2139,58,0,E-commerce,FJ
M00482,Lindsey LLC,56568.82,194,27,0,Retail,PE
M00483,Williams-Hale,7895.96,1828,51,1,Health,NG
M00484,"Dodson, Williams and Johnson",41807.49,4091,30,0,Food,GA
M00485,Brown-Smith,79626.02,1583,35,0,Services,PK
M00486,"Bullock, Sandoval and Baldwin",8594.56,4648,45,1,E-commerce,ID
M00487,Powers-Ochoa,79211.81,2545,15,1,Retail,TM
M00488,Richardson-Edwards,79541.44,4082,26,1,Retail,LI
M00489,Shah Inc,82692.34,4353,54,0,Services,UY
M00490,Smith-Briggs,30441.28,3379,28,1,Services,DK
M00491,Kelly LLC,25440.21,2581,35,0,Retail,PH
M00492,Macias Ltd,92641.28,3663,7,1,Retail,LT
M00493,"Turner, Gibson and Davenport",10166.04,2527,42,1,Retail,ES
M00494,"Brock, Collins and Fox",68445.95,243,46,1,Health,BG
M00495,Macdonald LLC,5366.97,2774,12,1,E-commerce,GR
M00496,Smith-Browning,14411.53,581,16,0,Health,MK
M00497,"Ryan, Booth and Kline",34212.81,2904,6,1,E-commerce,SC
M00498,"Smith, Rice and Vincent",56679.89,952,23,1,E-commerce,LV
M00499,Cox-Rodriguez,24668.05,1271,1,1,Health,NG
M00500,Kelley-Griffin,86414.63,641,57,0,E-commerce,LU
M00501,"Reed, Collins and Jones",71110.11,4341,35,1,Retail,BF
M00502,Holland-Mcdaniel,31648.13,1943,47,0,Retail,TN
M00503,Rodriguez-Dudley,35460.73,559,30,0,Food,PH
M00504,Vaughan LLC,80232.51,1575,57,1,Food,DE
M00505,Taylor Ltd,74954.44,2879,19,1,E-commerce,JM
M00506,"Elliott, Ellison and Martin",47780.29,1667,32,1,Food,HT
M00507,Green-Pham,82713.15,1858,54,1,Health,ME
M00508,"Juarez, Carpenter and Anderson",91830.52,2727,54,1,Retail,AL
M00509,Hayes-Guerra,80800.79,1085,15,1,Retail,VE
M00510,Moore Ltd,93892.5,1437,20,1,Food,EG
M00511,Keller Group,21957.84,3112,9,1,Services,KM
M00512,"Sullivan, Herring and Hunt",75305.95,466,60,0,Retail,GT
M00513,Peters-Ward,88727.14,1357,27,0,Services,BG
M00514,Miranda Group,75681.96,737,10,1,E-commerce,GN
M00515,Sheppard Ltd,67410.16,3199,47,0,E-commerce,SA
M00516,Harris-Roberts,75479.35,2131,54,1,Retail,KZ
M00517,"Allen, Diaz and Bryant",96016.66,186,7,1,Food,FI
M00518,"Hall, Mack and Pineda",49266.05,4134,59,1,Services,EE
M00519,"Jackson, Hall and Melton",79190.01,3607,32,1,Food,MC
M00520,Porter LLC,34634.2,2149,42,0,Health,KI
M00521,Willis Group,50287.67,4726,47,1,Health,BS
M00522,Shaw PLC,11976.67,1041,59,0,Retail,HT
M00523,Tran-Miller,51457.01,4115,12,0,E-commerce,MT
M00524,Robbins-Flores,76325.9,4329,39,1,Retail,SI
M00525,"Hayden, Guzman and Miller",5071.77,2653,26,0,Retail,MW
M00526,Frazier LLC,12005.36,426,4,1,Services,UY
M00527,Wilson-Rodriguez,10190.26,4177,56,0,Food,PE
M00528,"Greer, Roth and Franklin",18938.27,3971,46,0,Services,HU
M00529,Young and Sons,77295.94,863,19,0,Services,MN
M00530,Boyle-Holt,26447.83,4453,29,1,Retail,LI
M00531,"Brooks, Gallagher and Garcia",61201.41,4077,57,0,Health,MG
M00532,"Jackson, Lynn and Roberts",97295.68,3287,32,1,Health,GE
M00533,Henderson LLC,66305.61,4359,55,1,E-commerce,RU
M00534,"Bender, Villa and Alexander",77747.94,692,11,1,Services,BH
M00535,Newton-Fowler,13673.62,476,18,1,Retail,RS
M00536,"Boyd, Munoz and Miranda",66485.98,3087,25,1,Food,UA
M00537,"Davis, Rangel and Harris",88376.13,3101,5,1,Retail,AG
M00538,Kim Ltd,91895.43,1580,16,0,Services,MX
M00539,Alexander-Bell,19505.21,481,20,1,Health,OM
M00540,Zuniga-Li,22940.52,1684,7,0,Retail,MN
M00541,Singh-Brown,48484.68,2788,47,1,Retail,CM
M00542,"Lewis, Randolph and Martin",73055.45,2999,10,1,Food,DM
M00543,Ward-Harmon,95471.45,890,15,0,E-commerce,GM
M00544,Hernandez Inc,35917.71,4332,7,1,Health,SG
M00545,Mcfarland-Hutchinson,74231.65,582,16,0,Retail,NZ
M00546,Little-Neal,61511.55,259,55,0,Services,AL
M00547,"Olsen, Wright and Phillips",15124.48,553,22,1,Health,QA
M00548,"Crawford, Williams and Collins",69088.38,3369,50,0,Health,MV
M00549,Zamora-Richardson,31024.99,879,28,1,Food,JO
M00550,Lane-Martin,26507.96,2814,18,0,E-commerce,BH
M00551,"Peterson, Gross and Wilson",44598.4,66,23,0,Food,BE
M00552,Ellis-Gonzalez,6290.47,1505,1,1,Health,BZ
M00553,Salazar-Brown,39675.65,1696,6,1,Services,GN
M00554,Cooper-Gonzalez,19458.88,2545,37,1,Services,SK
M00555,Day Group,5589.1,4585,36,0,E-commerce,LY
M00556,Palmer-Doyle,45731.33,1046,6,0,Services,BB
M00557,"Kelly, Conner and Fields",67906.65,1871,54,1,Health,RU
M00558,Bennett-Jackson,85256.13,79,37,0,Retail,BT
M00559,Beltran-Jones,39559.94,4476,28,0,E-commerce,NL
M00560,"Garrett, Cruz and Kim",14858.46,3934,48,0,Services,VN
M00561,Mason PLC,31567.36,4775,49,0,E-commerce,RU
M00562,Jones-Weber,87788.85,2615,27,1,Health,NG
M00563,Ramirez-Lewis,87726.82,3346,45,0,Food,PG
M00564,Hill-Porter,50463.83,3989,3,0,Services,BD
M00565,Martinez Ltd,85375.48,1874,41,1,E-commerce,TO
M00566,"Thompson, Espinoza and Navarro",8946.07,4452,30,0,Retail,KG
M00567,Camacho-Lucero,55404.06,76,58,1,Health,UZ
M00568,Martin LLC,50162.3,2858,20,0,E-commerce,MK
M00569,"Lee, Peterson and Hamilton",48687.4,2715,33,0,Health,MY
M00570,Hurley-Perez,22605.48,2211,5,1,Food,AO
M00571,Clark LLC,85127.38,2538,18,0,Food,TJ
M00572,"Miller, Lee and Gardner",12625.05,4464,52,1,E-commerce,SC
M00573,Grant-Sanchez,24325.37,4015,41,1,E-commerce,KP
M00574,"Walls, Valdez and Hancock",23768.29,2193,1,1,E-commerce,CI
M00575,Taylor-Davis,78144.62,4134,28,1,Retail,IQ
M00576,"Crawford, Horton and Williams",23371.92,4166,49,0,Retail,AM
M00577,Gay-Drake,14303.24,2810,12,1,Retail,IE
M00578,Kirby and Sons,87126.83,2802,29,0,E-commerce,TN
M00579,"Alexander, Evans and Gonzalez",32694.04,3177,30,1,Food,GR
M00580,Walker LLC,18739.59,3258,29,1,E-commerce,MV
M00581,Turner and Sons,93046.98,197,42,0,Health,KE
M00582,"Howe, Brooks and Coleman",64264.05,458,11,0,Health,BY
M00583,Mcguire-Davis,94299.66,2387,33,1,Health,TZ
M00584,"Rios, Anderson and Willis",25132.29,2599,38,1,Retail,NP
M00585,Shields-Schmidt,37580.08,1793,37,1,Food,BN
M00586,"Rodriguez, Michael and Hanson",5563.41,3702,13,1,Retail,FR
M00587,Robinson Inc,95654.04,3853,2,1,Health,CU
M00588,"Sutton, Price and Jackson",5914.92,1649,53,0,E-commerce,AF
M00589,"Mendoza, West and Johnson",9134.66,1089,8,0,Services,GA
M00590,Coffey-Chavez,13537.98,1731,33,0,Services,SI
M00591,Barnett-Riggs,69862.27,2795,54,0,E-commerce,TN
M00592,Peterson-Cochran,79450.07,1952,47,1,Health,DE
M00593,"Wright, Olson and Lucas",24968.09,3332,40,0,Services,HU
M00594,Rivera-Simon,28718.81,2822,16,0,Retail,ST
M00595,"Barry, Cooley and Moran",60007.94,1458,18,1,E-commerce,UZ
M00596,Thomas PLC,77983.65,106,20,1,E-commerce,SE
M00597,"Harris, Price and Gonzales",41097.2,308,16,1,Services,SY
M00598,"Cooper, Smith and Bright",95883.96,439,14,0,Retail,IL
M00599,Cannon-Phillips,89765.85,3918,39,1,Services,TZ
M00600,"Thomas, Hill and Greene",68931.99,1559,39,0,Health,RS
M00601,Edwards Inc,24269.84,3170,52,1,Health,CU
M00602,Allen-Mcconnell,98418.85,4728,22,1,Health,LY
M00603,Martinez-Barber,90042.33,3060,30,1,Retail,SO
M00604,Molina-Graham,14990.37,171,17,0,Health,ML
M00605,Cain-Hill,77892.68,3091,54,0,Services,CL
M00606,Richmond PLC,38406.12,2810,30,0,Services,MH
M00607,Woodard-Lopez,15448.78,3808,57,1,E-commerce,SG
M00608,Smith-Williams,53792.87,3384,57,1,Services,EG
M00609,Mcfarland PLC,16843.84,4485,34,1,Health,SA
M00610,"Roberts, Shannon and Moss",15118.82,434,42,0,Health,VU
M00611,"Salazar, Anderson and Maxwell",58867.74,3744,26,0,Services,KZ
M00612,Williams-Fowler,31957.84,2033,3,1,Food,MG
M00613,"Huff, Calhoun and Sheppard",22476.11,3394,35,1,Retail,TT
M00614,Richardson-Richards,76795.52,1782,34,0,Health,BF
M00615,"Wheeler, Morris and Coleman",71216.65,2987,42,1,E-commerce,EG
M00616,Carter-Harris,22226.98,4819,45,0,Food,SD
M00617,Page Ltd,66564.16,2278,58,1,Services,MV
M00618,"Hicks, Diaz and Jones",34433.15,3180,47,1,Retail,AO
M00619,Lutz-Miller,20883.02,1704,51,1,Health,WS
M00620,"Wilson, Robertson and Browning",32088.08,4547,52,0,Retail,LR
M00621,Burton-Todd,93276.95,4339,35,1,E-commerce,CU
M00622,Nichols and Sons,16934.62,2805,11,1,E-commerce,BR
M00623,Watson and Sons,52046.88,415,27,1,Food,UZ
M00624,Robles-Jensen,7598.81,4759,54,1,Services,LT
M00625,Jackson-Dunn,38554.18,429,52,0,Services,AU
M00626,"Brown, Allen and Steele",90884.07,1962,30,0,E-commerce,ST
M00627,"Gates, Martin and Freeman",62236.22,2766,50,0,Retail,BT
M00628,Swanson-Rodriguez,22078.24,2628,7,1,E-commerce,CF
M00629,"Weaver, Sexton and Evans",95513.45,2567,46,1,Retail,ME
M00630,Morris-Johnson,58071.89,1822,30,1,Food,NP
M00631,Moore-Lozano,53997.32,3446,60,1,Health,IR
M00632,Davidson-Griffith,80434.18,3997,31,0,Retail,SE
M00633,Jenkins-Rodriguez,65665.14,3149,48,0,Food,ID
M00634,"Taylor, Brown and Wells",41206.89,2238,59,1,Health,IE
M00635,Jones-Murphy,37612.43,953,4,1,E-commerce,TL
M00636,Williams LLC,15458.44,3945,60,0,Health,UZ
M00637,Ramos Ltd,5198.38,2647,9,0,E-commerce,DE
M00638,Key-Villarreal,67561.92,4173,44,0,Food,LA
M00639,"Morgan, Rose and Hernandez",91665.99,2333,11,1,E-commerce,KH
M00640,Wilson-Daniels,67649.41,3074,25,1,Services,NP
M00641,Williams-Payne,73919.37,1023,54,0,Services,LV
M00642,Grimes-Sanchez,88932.5,4274,39,1,Services,US
M00643,Thompson-Reynolds,6015.42,1933,9,1,Health,KI
M00644,Maldonado-Bentley,60985.16,553,1,1,E-commerce,GB
M00645,Schmidt Group,46002.74,764,58,1,Health,BW
M00646,"Turner, Haney and Hudson",65747.37,158,15,1,Retail,TL
M00647,Zimmerman Group,14176.17,4493,53,0,Food,TV
M00648,Taylor-Kennedy,85652.49,2735,33,0,Food,BS
M00649,Vega Inc,60737.63,1303,59,0,Retail,MD
M00650,"Steele, Harrison and Tran",44738.4,3295,1,1,Food,KE
M00651,"Holland, Werner and Kelley",5629.48,240,29,1,Food,MG
M00652,Martinez PLC,86165.34,3511,30,0,Health,PE
M00653,Maddox and Sons,69250.16,1782,49,1,Food,HN
M00654,Jackson LLC,63247.14,1627,38,0,E-commerce,CM
M00655,Johnson-Parsons,91634.62,3704,21,0,Services,IL
M00656,"Johnson, Anderson and Brown",87325.68,348,49,0,E-commerce,TD
M00657,"Powell, Lopez and Brown",74594.82,4055,1,1,Services,US
M00658,Tate-Guerrero,82371.1,2462,40,1,E-commerce,CN
M00659,Miller Ltd,77004.96,1584,15,1,Services,IQ
M00660,"Smith, Dunlap and Willis",37825.79,1271,17,1,Health,TH
M00661,Brown-Garrison,14533.98,4095,48,0,Health,RW
M00662,Villa Group,44108.04,4202,59,1,Health,CF
M00663,Romero-Davies,51441.83,91,4,1,Retail,LY
M00664,"Collins, Hudson and Thomas",99157.04,2892,50,1,E-commerce,UA
M00665,"Cooper, Freeman and Richardson",61383.35,4684,28,1,Retail,CF
M00666,Nelson-Logan,38238.18,4135,33,0,E-commerce,UY
M00667,Wilson LLC,50544.91,4794,17,0,E-commerce,KI
M00668,Rivera Group,59608.45,1185,9,0,Retail,SD
M00669,Kramer PLC,98532.54,1173,48,0,E-commerce,AU
M00670,"Myers, Arnold and Mccarthy",48111.22,4691,31,0,E-commerce,PW
M00671,"Jordan, Booth and Davis",23780.14,3565,16,1,Services,UZ
M00672,Glover Inc,85495.44,1677,15,0,Services,CD
M00673,Figueroa Inc,44392.45,749,58,0,Services,NO
M00674,"Walker, Wallace and Fisher",75466.5,3805,25,1,Food,TT
M00675,Arnold PLC,39859.39,1026,36,1,Retail,NL
M00676,"Bernard, Brown and Fisher",49234.78,4903,54,0,Services,SA
M00677,Reid Group,43064.57,2501,19,0,Health,KN
M00678,Baker and Sons,85241.1,3599,59,1,Food,AR
M00679,"Floyd, Aguilar and Martin",25615.9,785,6,1,Health,CL
M00680,"Bell, Meza and White",84122.53,4674,30,1,Services,TZ
M00681,"Clark, Martinez and Barton",28413.68,2845,9,1,E-commerce,LA
M00682,"Salazar, Fisher and Bell",38204.45,3566,37,1,Services,MM
M00683,Gonzalez-Barber,73092.1,2357,32,1,E-commerce,GH
M00684,"Castillo, Snyder and Chase",17203.28,2638,13,1,Retail,CD
M00685,Williams-Fleming,69618.95,1771,22,0,Food,SL
M00686,"Ross, Osborn and Christensen",30706.21,947,20,1,E-commerce,ZM
M00687,Cross-Hall,68190.55,593,37,0,Health,IN
M00688,"Wells, Juarez and Torres",17471.5,2640,37,0,Retail,SC
M00689,Hill LLC,74635.14,4071,38,0,E-commerce,ET
M00690,"Davis, Taylor and Armstrong",79446.01,401,50,0,Health,GM
M00691,Stone-White,23808.57,1657,13,1,Services,FI
M00692,Lawrence Inc,51700.91,2831,45,1,E-commerce,KE
M00693,Nguyen PLC,41236.7,2153,46,0,Retail,HN
M00694,"Carroll, Perry and Beltran",5303.59,2246,8,1,Food,SD
M00695,"Harris, Arnold and Garrison",24899.48,1954,49,0,Health,VA
M00696,Wright-Mcgrath,25178.82,139,31,1,Services,EC
M00697,Oconnor Group,97279.09,927,34,1,Food,DK
M00698,Riley Inc,44750.25,629,59,1,E-commerce,TT
M00699,"Suarez, Walker and Thompson",93548.32,2312,47,0,Health,TL
M00700,Davis Ltd,80929.54,2498,18,0,E-commerce,SY
M00701,Mcdaniel Ltd,45528.91,720,37,1,Food,GW
M00702,Weaver-Mitchell,27671.01,4701,3,0,Food,AG
M00703,Smith-Rodriguez,69412.48,4147,48,0,Health,TV
M00704,"Williams, Daniel and Crosby",41566.14,4647,57,1,Food,FJ
M00705,Johnson-Bowman,44007.06,3229,30,0,Retail,VE
M00706,Mckee-Lopez,79547.38,2070,6,1,Services,BI
M00707,Galvan and Sons,8917.95,1371,21,0,Retail,BI
M00708,"Paul, Mccann and Bowen",10539.44,478,44,1,Services,AM
M00709,Schmidt-Fletcher,79731.53,751,40,1,Health,MA
M00710,"Dean, Duran and Marquez",67068.01,3190,31,0,Services,TN
M00711,Turner-Clarke,41654.04,3289,25,1,Services,GM
M00712,"Brown, Wang and Weber",85359.1,4428,43,1,Services,ZA
M00713,Herrera LLC,30547.13,3516,7,1,Services,TJ
M00714,Skinner LLC,37869.31,58,40,1,Health,CA
M00715,West and Sons,51068.29,863,24,1,E-commerce,RS
M00716,"Coleman, Shaw and Curtis",55002.41,1018,33,0,E-commerce,SL
M00717,"Meyer, Williams and Hughes",27818.82,4202,12,1,Services,AM
M00718,"Burgess, Solomon and Wright",25839.1,846,7,0,E-commerce,MY
M00719,"George, Thomas and Campbell",58402.47,4137,60,0,E-commerce,CR
M00720,Perkins Ltd,51220.36,812,27,1,Retail,BD
M00721,"Chapman, Kramer and Henry",40654.62,2413,37,1,Services,GW
M00722,Nolan-Heath,31981.72,2578,48,1,Food,LU
M00723,"Friedman, Rodriguez and Morrison",24072.59,1505,25,0,Health,LT
M00724,Carpenter and Sons,22602.07,1637,15,0,Food,DE
M00725,"Crawford, Roberson and Moore",52267.06,3265,54,0,Food,BB
M00726,"Dunlap, Hanson and Richards",86389.32,2265,43,1,Retail,GE
M00727,Cobb Ltd,8998.4,1245,55,0,E-commerce,MD
M00728,Phillips-Boone,55800.38,2098,35,1,Retail,NG
M00729,"Peters, Stephens and Pacheco",58270.81,2127,2,1,Services,IQ
M00730,Franklin Ltd,37321.56,3156,38,1,E-commerce,GT
M00731,"Smith, Donovan and Pena",24747.05,1613,52,0,Health,CU
M00732,"Duncan, Perry and Carroll",91105.51,2221,48,0,E-commerce,BO
M00733,Campbell Ltd,66369.94,3504,21,1,E-commerce,CU
M00734,Simpson-Evans,67920.3,4854,36,1,Services,PG
M00735,"Choi, Mendoza and Lloyd",56825.76,3998,24,0,E-commerce,IR
M00736,Thomas-Schneider,10074.18,1223,34,1,Health,IE
M00737,Turner-Lewis,96770.36,2318,43,0,Services,TH
M00738,Keller-Rogers,50262.64,3463,57,1,E-commerce,HN
M00739,Hall PLC,87171.64,2911,43,1,Services,YE
M00740,"Wilson, Simmons and Brooks",14958.09,1223,27,0,Health,BT
M00741,"Dougherty, Francis and Kelly",31950.23,2158,11,1,Health,MM
M00742,Bennett-Cisneros,85456.54,1051,29,0,Services,UG
M00743,Cruz Inc,18154.52,3154,57,0,Retail,RS
M00744,"Joseph, Gutierrez and Anderson",55493.86,3029,38,1,Retail,LY
M00745,"Gomez, Taylor and Moore",12853.54,3778,25,0,Health,SR
M00746,Hood-Medina,8197.89,881,49,1,E-commerce,MV
M00747,Johnson LLC,37713.82,4395,38,1,Health,JO
M00748,Solomon-Thornton,11903.4,2735,1,1,Food,MM
M00749,Gordon-Carey,55555.55,253,39,1,Retail,BT
M00750,Adams-Livingston,81035.92,3030,8,0,E-commerce,HT
M00751,Russell-Ruiz,95500.3,2574,25,0,Services,KH
M00752,"Gonzalez, Hill and Webb",88094.56,4924,42,1,E-commerce,CD
M00753,Garner PLC,97293.81,1814,41,0,Health,PA
M00754,Hicks PLC,97533.9,359,36,1,Health,ID
M00755,"Foley, Gonzalez and Hall",84650.6,483,5,0,E-commerce,BS
M00756,"Mcclure, Turner and Hayes",30098.57,2251,60,1,Services,AO
M00757,"Young, Webster and Donovan",39356.88,152,20,0,Food,SZ
M00758,"King, Navarro and Blake",70067.09,2615,23,1,Retail,BR
M00759,Jones-Jacobson,61828.98,1265,13,1,Services,HU
M00760,George Group,46740.0,3912,60,0,Food,EC
M00761,Schultz-Cook,13780.31,4960,17,0,Services,GY
M00762,"Rivera, Lee and Jones",29503.78,2250,22,0,Services,SI
M00763,Rivera Group,17563.03,3321,12,1,Retail,CU
M00764,Freeman Group,46938.22,714,19,0,E-commerce,ZM
M00765,Kaufman-Castro,25503.11,2281,41,0,Health,IE
M00766,Harris-Smith,23207.09,490,18,0,Health,IE
M00767,Stephens-Jones,19074.26,4273,28,0,Services,CF
M00768,"Roberson, Rodriguez and Smith",65870.61,471,49,0,Services,LK
M00769,Oliver LLC,21561.09,3980,30,0,Services,TD
M00770,Avery-Calderon,17214.59,1532,2,1,Services,CG
M00771,"Smith, Miller and Lucas",80061.03,4799,16,1,Services,CI
M00772,Harris-Burnett,86800.14,3350,10,0,Retail,IQ
M00773,"Mcclure, Shaw and Hartman",34825.36,4811,36,0,Retail,CR
M00774,"Ortiz, Avila and Scott",25488.0,1564,24,1,Food,SY
M00775,"Thompson, Rojas and Rocha",68730.6,2010,56,0,E-commerce,GR
M00776,Taylor-Boyd,52348.62,2025,18,1,Retail,KH
M00777,Galvan Inc,86443.87,3580,1,0,Health,IT
M00778,Wells and Sons,12744.15,2685,52,0,Food,EC
M00779,Wilson PLC,46884.94,3962,51,1,Health,CY
M00780,Horn-Kirby,72099.49,757,44,1,Health,MW
M00781,Johnson Group,58871.33,1729,15,0,E-commerce,AO
M00782,"Serrano, Ellis and Jones",13165.76,3506,47,0,Retail,BY
M00783,Gray Inc,75849.7,952,50,0,E-commerce,AL
M00784,Medina-Anderson,52091.81,149,57,0,Food,SG
M00785,Palmer-Arias,67443.85,306,38,1,Retail,SY
M00786,"Edwards, Lopez and Gillespie",70266.36,4661,5,1,Health,HR
M00787,Koch-Smith,52571.99,2666,27,0,Retail,LR
M00788,"Clark, Coleman and Jones",51371.02,843,26,0,Food,GN
M00789,Harris Ltd,69323.9,304,33,0,Services,DK
M00790,Hunt-Castro,66979.31,1805,25,1,Health,CD
M00791,Hansen PLC,92416.12,326,50,1,Services,FM
M00792,"Richards, Perez and Phillips",91404.67,3746,7,1,E-commerce,NR
M00793,"Ellison, Horne and Smith",20678.05,1190,25,1,Health,LU
M00794,Aguilar PLC,94348.59,893,23,1,Food,SR
M00795,"Davis, Gibson and Mitchell",69726.22,4420,29,1,Retail,CD
M00796,"Mcknight, Dixon and Navarro",82979.63,2333,56,1,Health,BF
M00797,Velasquez Inc,18741.69,4598,46,1,Retail,BS
M00798,Washington and Sons,56056.74,349,18,1,Services,HU
M00799,Fields PLC,80586.56,733,56,1,E-commerce,AE
M00800,"Mckinney, Watson and Howell",38173.7,1982,23,1,Food,TH
M00801,Bryant-Reid,36068.2,2956,37,1,Retail,HN
M00802,Nelson-Rodriguez,17914.59,2467,27,1,E-commerce,FR
M00803,"Watson, Anderson and Miller",55590.05,3511,12,1,Services,CZ
M00804,Villegas-Walker,47442.66,4171,38,1,Retail,OM
M00805,"Palmer, Vega and Sharp",29118.54,1275,58,0,E-commerce,NA
M00806,Henderson-Lopez,89096.6,2478,21,1,Retail,SN
M00807,"Cannon, Jones and Baldwin",92907.24,4493,26,0,Retail,KE
M00808,Swanson-Moore,11036.27,3290,33,1,E-commerce,TV
M00809,Evans-Roberts,65630.51,1436,58,0,Health,BR
M00810,Alexander Inc,54718.0,4528,48,1,Retail,BW
M00811,Johnson-Dennis,63107.95,2482,17,1,Retail,GN
M00812,"Jordan, Guerra and Walker",30036.66,3004,13,1,Food,KE
M00813,"White, Smith and Bryan",46621.72,2267,58,1,Services,CU
M00814,Miller-Solis,23561.45,1691,46,1,Health,CN
M00815,Mccullough Group,11707.82,2409,13,1,Services,BN
M00816,"Moss, Medina and Morris",36346.19,3105,13,1,Retail,TW
M00817,"Andrews, Clayton and Jackson",70960.56,2739,43,1,Health,RW
M00818,"Lowe, Hanson and Webb",29596.71,2318,4,0,Food,IL
M00819,Holmes-Williams,31475.47,2291,12,0,Food,CU
M00820,Zamora-Torres,18302.52,2371,16,1,Retail,GE
M00821,"Moore, Mack and Porter",43416.53,3633,32,1,Services,HN
M00822,"White, Garza and Benson",40418.68,3429,48,0,Services,GT
M00823,Bennett and Sons,50298.05,1751,21,1,E-commerce,SM
M00824,Howard Ltd,8709.51,1723,43,1,Food,IR
M00825,Davis Group,52842.31,4024,36,0,E-commerce,MW
M00826,Parker-Jackson,67836.94,521,15,0,Food,TJ
M00827,Hernandez-Freeman,78194.17,3854,59,0,Retail,TO
M00828,Cordova Ltd,72202.44,1305,49,0,Food,FM
M00829,Daniels-Cook,34922.58,3327,52,1,Services,LT
M00830,"Miller, Grant and Wilson",68312.38,776,30,0,Food,KZ
M00831,Carter and Sons,61460.18,4812,56,0,Retail,ET
M00832,Rodriguez-Graham,44025.07,1630,27,1,Food,GY
M00833,Mccann Ltd,46524.66,4540,45,0,E-commerce,CM
M00834,Barnes-Davis,13802.3,2058,55,1,Services,TG
M00835,"Jones, Gordon and Rivas",88323.55,1533,14,1,E-commerce,GM
M00836,"Jenkins, Bernard and Hamilton",34907.02,501,17,1,Health,FJ
M00837,"Nguyen, Jackson and Jackson",36046.01,3185,23,1,Services,UA
M00838,Mendoza Inc,54195.56,4576,54,1,Food,MT
M00839,Richards-Hill,14797.09,2583,13,0,Health,CU
M00840,Graham LLC,78410.02,910,58,1,E-commerce,BO
M00841,Solis-Reid,99992.0,1214,45,1,Retail,UZ
M00842,Delgado-Wyatt,38438.94,1357,34,0,Health,TN
M00843,"Rogers, Peters and Parker",71521.89,2170,39,0,E-commerce,SN
M00844,"Castro, Henderson and Lawson",20274.72,850,17,1,E-commerce,SN
M00845,"Hogan, Liu and Kline",63385.48,4195,52,0,Food,AM
M00846,Bowen-Dixon,50008.83,1267,41,1,Health,UY
M00847,Reyes-Waller,30745.9,1335,16,0,Services,JM
M00848,Thompson PLC,22893.61,1742,11,1,E-commerce,MW
M00849,Morgan Ltd,19341.31,361,48,1,E-commerce,CU
M00850,"Wilson, Wright and Russell",68979.88,2112,15,1,Health,MW
M00851,Stokes-Walker,27423.39,3247,17,1,Food,BO
M00852,Barnes-Sawyer,23299.06,1253,13,0,Health,QA
M00853,Taylor-Mcdonald,55717.13,3826,4,1,E-commerce,FJ
M00854,"King, Scott and White",12894.6,383,56,1,Health,PA
M00855,"Montes, Shields and Allen",47656.75,1626,25,1,Food,CR
M00856,Porter-Rodriguez,20756.86,1128,8,0,Services,NZ
M00857,Brown PLC,12839.87,2796,3,0,Retail,GT
M00858,Freeman-Pratt,95116.64,1667,17,1,Retail,SR
M00859,"Barnes, Wheeler and Anthony",59147.98,3141,28,1,Retail,PE
M00860,"Richardson, Smith and Reid",17973.55,684,20,0,Services,CG
M00861,Woodard PLC,75739.02,2312,22,0,Services,PL
M00862,Tyler Ltd,34558.38,2559,33,0,Health,HN
M00863,"Olson, Lynn and Doyle",60123.19,1858,48,0,Retail,MD
M00864,Johnson and Sons,67137.39,1562,14,0,E-commerce,KP
M00865,Wilson and Sons,45208.27,260,27,1,E-commerce,GW
M00866,Price-Little,21151.82,2111,32,0,Food,HU
M00867,Frazier PLC,45247.97,2833,19,0,Services,LV
M00868,Price Group,71387.21,1189,20,1,Food,US
M00869,Espinoza-Hernandez,24147.23,414,4,1,Health,CI
M00870,Sandoval-Martin,60458.04,361,47,1,Food,MN
M00871,"Gomez, Becker and Holt",11885.11,2660,54,0,Food,PY
M00872,Dominguez Inc,60877.82,3853,20,0,Health,PY
M00873,"Jones, Padilla and Washington",60159.73,4544,42,0,Retail,MU
M00874,"Arnold, Cantu and Kirby",56472.49,4957,49,1,Health,MW
M00875,Gillespie-Hogan,81310.62,1504,22,0,E-commerce,TW
M00876,Johnson-Silva,21846.78,1562,37,0,Health,ME
M00877,Warren-Nguyen,40949.32,1804,8,0,Retail,UA
M00878,Edwards and Sons,32268.13,4998,31,0,Services,PA
M00879,Davis-Walker,79967.01,2796,2,1,Health,QA
M00880,"Howard, Richards and Knight",57989.13,427,12,1,Health,BH
M00881,"White, Perkins and Edwards",80444.53,4120,13,1,Health,TZ
M00882,Diaz LLC,85858.58,1446,40,1,Retail,BA
M00883,"Tran, Walker and Miller",75657.5,4913,19,0,Health,AU
M00884,Lewis LLC,67154.57,2576,31,0,Services,ML
M00885,"Peterson, Hood and Alvarez",44928.54,4964,25,1,Health,LY
M00886,Rivera-Jones,19696.33,1570,3,1,Food,ST
M00887,Blake LLC,5654.48,1730,11,1,Health,AO
M00888,"Moore, Knapp and Thompson",49774.05,2612,28,1,Services,BS
M00889,Floyd LLC,15186.77,1834,48,0,Retail,GE
M00890,Walker LLC,40616.86,1148,58,1,Food,IL
M00891,Reed PLC,99306.77,3539,16,1,Food,RU
M00892,Griffin PLC,95298.93,4807,16,0,Retail,BR
M00893,Hernandez-Hill,14602.13,4719,42,0,Services,GH
M00894,Mann-White,24839.91,2082,9,1,Retail,AO
M00895,Miller-Hall,53123.33,2385,3,0,E-commerce,KR
M00896,Rivera Group,67683.37,3661,28,1,Retail,TT
M00897,Higgins PLC,30132.02,4529,49,0,Retail,PL
M00898,Moore-Brewer,48811.8,1744,4,1,Services,MW
M00899,Flynn-Richardson,86287.7,2987,44,0,Retail,BF
M00900,Arellano-Todd,60711.28,3563,23,1,Food,BN
M00901,"Roberts, Bradley and Horne",35686.07,3841,54,0,E-commerce,JM
M00902,Jones-Patterson,30805.82,2378,24,1,Health,GM
M00903,Wright-Willis,77587.34,1107,33,1,Health,GW
M00904,Johnson-Cole,97484.15,2820,54,0,Retail,GA
M00905,"Martin, Roberts and Chambers",78964.54,2309,34,0,E-commerce,AM
M00906,Black-Frazier,41865.62,2581,39,0,Food,MC
M00907,Lee Inc,19122.22,3966,37,0,Health,ID
M00908,Gray LLC,68366.04,1685,8,1,Retail,DZ
M00909,Cole Ltd,53134.16,719,30,0,Retail,TT
M00910,Miller-Lewis,35952.7,2631,11,0,Services,HT
M00911,"Sanchez, Ryan and Pineda",43482.64,4710,10,0,Retail,SZ
M00912,"Graves, Chapman and Taylor",22546.32,3391,24,1,Food,PG
M00913,"Long, Smith and Young",20120.19,3005,54,0,E-commerce,AO
M00914,"Greer, Ross and Blake",46799.27,750,60,1,Services,CI
M00915,Austin and Sons,83481.33,3518,38,0,Food,JO
M00916,Joseph-Wall,48123.44,885,45,1,Health,KE
M00917,Velazquez PLC,74154.9,3625,46,0,E-commerce,TW
M00918,Walsh LLC,63419.17,4436,28,0,Health,MR
M00919,"Parks, Bentley and Reese",50919.07,1158,2,1,Services,HT
M00920,Rogers Ltd,59645.81,1793,53,0,Retail,SN
M00921,"Ayers, Reed and Rogers",59351.08,1735,30,0,Services,BH
M00922,Greer Inc,24169.46,438,24,1,Food,AF
M00923,"Summers, Powell and Jackson",24160.99,3051,10,0,E-commerce,PH
M00924,"Johnson, Clark and Obrien",42278.93,2448,12,0,Retail,AE
M00925,"Calhoun, Anderson and Odonnell",24699.68,3244,60,0,Retail,ZW
M00926,"Brown, Scott and Santana",82557.88,3079,32,0,Retail,NE
M00927,Bryant-Ramirez,51879.34,3663,37,1,Services,SG
M00928,"Joyce, Lane and Shaw",70087.13,2595,13,0,E-commerce,JM
M00929,Lewis Inc,6135.81,223,1,0,Services,NZ
M00930,Navarro and Sons,34741.15,93,47,1,Services,ZM
M00931,Daniel-Diaz,60791.15,88,32,1,E-commerce,DZ
M00932,Chaney-Yoder,7493.09,959,52,0,E-commerce,UZ
M00933,"Lee, Yu and Evans",96471.83,3678,50,1,Food,HR
M00934,Sanchez-Snyder,62548.3,4460,6,1,Retail,FJ
M00935,Brandt-Bennett,26072.09,1615,17,0,Services,PW
M00936,Hill PLC,40964.13,1237,38,1,E-commerce,GR
M00937,Phillips and Sons,35452.27,3681,60,1,Retail,AF
M00938,Jensen-Durham,51275.74,71,33,0,Food,ET
M00939,Grant-Valdez,14056.67,3927,20,1,E-commerce,EC
M00940,"Stone, Fuller and Castillo",42005.29,3109,26,0,Food,VU
M00941,Walton-Mathis,79193.89,140,9,1,Food,LK
M00942,Buck-Richmond,15706.69,1146,24,1,Food,ZA
M00943,"Johnston, Rogers and Jones",36704.88,4704,37,1,Retail,AL
M00944,Dyer-Young,44905.15,1173,25,1,Health,BW
M00945,Hurley LLC,60440.9,4420,60,0,E-commerce,PT
M00946,"Hanson, George and Weber",51828.65,1379,31,1,Health,LU
M00947,Adams-Mcintosh,40634.98,4721,60,1,E-commerce,ER
M00948,Russell and Sons,10090.09,3029,23,0,Food,ZW
M00949,Jackson-Walker,83818.79,1239,23,0,Food,BR
M00950,Velazquez LLC,22784.11,835,45,0,E-commerce,NP
M00951,Gutierrez-Baker,39801.7,1420,23,0,E-commerce,CN
M00952,"Bennett, Carr and Nguyen",17239.51,78,6,0,Services,GD
M00953,Parker PLC,61878.54,2828,42,0,Health,MN
M00954,Scott-Chan,79593.6,1860,8,0,Food,VU
M00955,"Anderson, Dickerson and Wiggins",31176.79,2818,44,1,Health,AM
M00956,Mahoney-Burke,65402.82,1070,33,1,Retail,BY
M00957,"Stafford, Perkins and Beck",70969.32,3787,8,0,Health,RW
M00958,Barajas Ltd,18447.94,1344,53,0,Food,WS
M00959,"Romero, Martin and Hill",61753.73,1166,6,1,Services,BT
M00960,Williams PLC,5072.36,3109,35,1,Services,CU
M00961,Morales-Gordon,28594.66,509,32,0,Services,UA
M00962,Webster LLC,53683.54,2326,11,1,Health,JP
M00963,George-Jackson,87766.36,3698,45,1,Food,LU
M00964,Graham-Keith,20296.77,2612,25,1,Retail,CO
M00965,"Williams, Mccullough and Warren",99075.31,3253,52,0,E-commerce,AE
M00966,Thompson Group,67463.84,2323,13,1,Food,HU
M00967,Smith-Burke,9336.97,1504,54,1,Retail,NG
M00968,Guerra PLC,63294.35,4922,4,0,Health,CZ
M00969,Mcconnell and Sons,37469.73,1876,11,0,Services,MA
M00970,Mayo LLC,22726.99,1893,17,1,Health,DJ
M00971,"Gould, Olson and Ryan",19667.95,1844,22,0,Services,BH
M00972,Nguyen Ltd,58680.28,2018,53,0,Services,UY
M00973,"Hart, Rodriguez and Howe",37554.44,2269,28,1,Retail,CV
M00974,Graves-Byrd,73595.1,4571,14,1,Health,MN
M00975,Silva Ltd,94072.09,2359,37,0,E-commerce,RO
M00976,Ramos Ltd,76003.94,258,15,0,E-commerce,JP
M00977,Montoya-Coleman,68053.05,3870,18,0,E-commerce,LV
M00978,"Leonard, Mills and Willis",55100.41,1043,37,1,Health,FR
M00979,"Calderon, Gardner and Jenkins",55561.6,1296,9,0,Health,MY
M00980,Robinson LLC,58872.97,3691,35,1,Services,MR
M00981,Combs Group,30617.5,793,34,0,Services,NE
M00982,"Long, Jones and Bender",8700.08,1167,39,1,Health,HU
M00983,"Price, Watkins and Martinez",28634.78,2715,42,1,Food,FI
M00984,Duran-Perry,45972.6,2998,1,0,E-commerce,MN
M00985,Nelson-Perez,61181.3,2744,27,1,Services,SB
M00986,Cortez Ltd,55731.48,527,24,0,Health,HT
M00987,"Quinn, Ibarra and Long",33426.5,2386,20,0,Retail,DJ
M00988,"Grant, Williams and Hawkins",33155.43,4343,19,0,Food,GN
M00989,Dean PLC,91290.16,4134,7,0,Health,LT
M00990,Johnson LLC,35052.57,3783,15,0,Retail,PH
M00991,Gilbert and Sons,92194.09,1458,9,1,E-commerce,GM
M00992,"Alvarez, Barnes and Whitehead",18789.65,1013,35,1,E-commerce,WS
M00993,"Terry, Gregory and Manning",81619.88,2446,53,0,Services,KW
M00994,Nelson Ltd,46822.15,933,13,1,Retail,ST
M00995,Walters PLC,43387.59,2587,39,0,Food,SC
M00996,Chapman PLC,75473.66,3743,24,0,E-commerce,UG
M00997,Hill-Cook,68696.66,4434,35,0,Retail,GA
M00998,Aguilar Ltd,43293.06,2604,51,1,Retail,ZA
M00999,Dunn-Phillips,58728.47,3678,6,1,Services,TR
